{
  "learned_scale": 0.45,
  "morphology_scale": 2.6,
  "projection_bins": 8,
  "morphology_means": [
    0.05710932984948158,
    3.488175630569458,
    0.2842099964618683,
    0.5173245668411255,
    0.5037752985954285,
    0.34246590733528137,
    0.6900684833526611,
    0.011244181543588638,
    0.0053656515665352345,
    0.03116474486887455,
    0.054751813411712646,
    0.120472252368927,
    0.14167457818984985,
    0.15280579030513763,
    0.17159201204776764,
    0.16583263874053955,
    0.12341830879449844,
    0.06945256888866425,
    0.11180577427148819,
    0.10437893122434616,
    0.1305333375930786,
    0.09994708001613617,
    0.174832284450531,
    0.08837055414915085,
    0.14225129783153534,
    0.14788077771663666
  ],
  "morphology_stds": [
    0.01986369863152504,
    0.24084243178367615,
    0.10391170531511307,
    0.008024930022656918,
    0.0048190150409936905,
    0.07749120891094208,
    0.12772640585899353,
    0.0027821918483823538,
    0.0018655263120308518,
    0.009463419206440449,
    0.02443123608827591,
    0.01637573353946209,
    0.013842455111443996,
    0.017041537910699844,
    0.017044704407453537,
    0.0219601858407259,
    0.026567069813609123,
    0.029298359528183937,
    0.012587673030793667,
    0.013411126099526882,
    0.01748577691614628,
    0.0287652388215065,
    0.025562550872564316,
    0.016852159053087234,
    0.012398450635373592,
    0.014803393743932247
  ]
}